MovieId,Genres
83773,"comedy , drama"
83829,music
84768,"music , tv movie , documentary"
86493,drama
87061,"drama , fantasy"
91246,
92435,drama
92641,drama
94431,
94657,
95541,"drama , documentary"
95750,drama
96479,"drama , horror , mystery"
96651,documentary
113472,music
113545,
114335,fantasy
114587,"fantasy , comedy"
114723,"mystery , fantasy"
114725,documentary
114877,"documentary , war"
115004,
115006,drama
115419,documentary
115441,
115529,
115602,documentary
115893,"drama , romance"
116046,"family , drama"
116054,drama
116098,drama
116100,comedy
116126,drama
116237,western
116287,"crime , drama"
116347,"action , drama"
116425,drama
116479,"documentary , music"
116531,music
116704,action
116917,
116923,drama
116949,drama
116955,drama
117316,music
117722,"history , war , drama"
117845,
117847,drama
117865,thriller
118292,drama
118340,documentary
118448,fantasy
118692,action
118728,
118878,
119878,"drama , romance , tv movie , history"
120299,drama
120612,music
121581,drama
121590,
121867,music
122001,music
122482,horror
122557,"family , drama"
122571,"drama , tv movie"
122573,"tv movie , drama"
122589,"music , drama , romance"
122605,"music , romance"
122637,"comedy , western"
122675,"romance , drama"
122679,comedy
122687,"adventure , science fiction"
122711,drama
122811,drama
122825,music
122944,mystery
122988,comedy
123010,"comedy , drama"
123038,drama
123044,war
123052,drama
123061,action
123071,"war , romance"
123095,"western , action , horror"
123117,"comedy , drama"
123135,"romance , drama"
123139,drama
123250,drama
123254,"comedy , music , romance"
123274,"drama , tv movie"
123278,"tv movie , drama"
123290,drama
123333,"drama , history , romance"
123339,"history , drama"
123345,"action , science fiction"
123371,"drama , romance"
123397,"adventure , animation , comedy , family"
123415,documentary
123421,"comedy , drama"
123439,"drama , tv movie"
123441,"action , crime , drama"
123518,"romance , drama , war"
123526,"drama , crime"
123559,"action , adventure"
123602,"drama , tv movie"
123607,"drama , tv movie"
123609,"science fiction , drama"
123617,"war , drama , tv movie"
123619,"drama , tv movie"
123625,"drama , music"
123629,"drama , tv movie"
123693,adventure
123709,music
123715,"comedy , crime , family , tv movie , horror"
123721,"romance , comedy"
123729,"music , comedy"
123755,"romance , drama"
123775,comedy
123798,"western , tv movie"
123800,comedy
123808,"romance , drama"
123810,"drama , western , history"
123830,drama
123838,drama
123850,
123860,"adventure , drama , romance"
123866,"romance , drama"
123870,action
123874,drama
123902,comedy
123913,"comedy , drama"
123925,"drama , romance"
123935,"drama , history , tv movie"
123939,"comedy , documentary"
123975,"drama , romance"
123989,"comedy , drama"
123995,drama
123999,"drama , mystery , comedy"
124007,"comedy , family"
124017,"action , adventure , drama"
124039,"adventure , crime , science fiction"
124095,"romance , comedy"
124103,western
124149,"action , drama"
124182,"drama , war"
124200,"romance , comedy"
124215,"war , drama"
124226,comedy
124243,
124255,comedy
124269,"mystery , drama , crime"
124364,"war , drama"
124366,"romance , drama , comedy"
124386,"crime , romance"
124388,"romance , comedy , drama"
124392,"comedy , music"
124400,horror
124408,western
124422,drama
124430,comedy
124464,documentary
124480,drama
124486,"drama , romance"
124496,"crime , drama , mystery"
124525,comedy
124531,crime
124548,music
124629,"comedy , drama"
124631,documentary
124639,"drama , comedy"
124645,"thriller , horror"
124659,"romance , drama"
124667,"drama , romance"
124733,science fiction
124737,"comedy , romance"
124765,"adventure , science fiction , romance"
124775,"drama , action , war , history"
124795,"drama , history , romance , war"
124833,"drama , war"
124869,"comedy , animation"
124921,drama
124937,drama
124963,comedy
124975,"mystery , drama"
125029,comedy
125079,"animation , comedy , action"
125091,"comedy , romance"
125127,"drama , war , history"
125159,"family , comedy , adventure , tv movie"
125211,"war , drama , history"
125233,"thriller , tv movie"
125273,"history , action , drama"
125275,documentary
125279,"music , romance"
125305,action
125325,comedy
125377,"western , comedy"
125385,"drama , comedy"
125423,western
125427,drama
125461,"comedy , romance"
125467,horror
125531,"comedy , romance"
125535,"comedy , action , horror"
125551,"family , comedy"
125561,"crime , comedy"
125571,drama
125574,"adventure , comedy"
125587,"science fiction , romance , tv movie"
125593,documentary
125601,"war , comedy"
125603,drama
125605,"war , drama"
125609,drama
125611,drama
125615,"war , drama , history"
125617,"drama , romance"
125632,
125640,drama
125642,"comedy , animation"
125646,drama
125650,
125652,"drama , action"
125700,"action , comedy , crime"
125833,"drama , family , western"
125840,"action , western"
125860,drama
125864,drama
125872,comedy
125876,comedy
125878,"comedy , music , romance"
125890,"drama , thriller , war"
125908,documentary
125910,"drama , history , romance"
125928,animation
125930,"music , documentary"
125934,"animation , family"
125942,comedy
125948,"animation , comedy , family"
125956,comedy
125958,
125980,
125984,"crime , drama , tv movie"
125994,animation
126000,documentary
126010,music
126022,comedy
126024,comedy
126026,drama
126028,"animation , family"
126034,"horror , comedy , animation"
126042,
126052,animation
126060,"animation , fantasy , war"
126062,comedy
126064,"comedy , animation"
126068,"comedy , drama , family , romance"
126074,"animation , comedy , family , horror , music"
126076,"romance , comedy"
126078,"drama , thriller"
126080,animation
126098,
126130,comedy
126168,comedy
126172,comedy
126176,"comedy , tv movie"
126186,comedy
126194,fantasy
126202,drama
126206,
126221,drama
126239,"thriller , drama"
126243,comedy
126245,documentary
126286,"comedy , romance"
126331,"drama , science fiction , tv movie , thriller"
126333,"science fiction , action"
126339,"drama , thriller"
126560,"comedy , drama , romance"
126593,drama
126721,"action , tv movie , crime , drama"
126731,comedy
126739,"family , comedy , romance"
126741,comedy
126759,drama
126789,drama
126793,"drama , comedy"
126795,drama
126797,
126917,documentary
126945,documentary
126949,"comedy , thriller"
126955,"drama , music"
126963,"documentary , drama"
126967,documentary
126973,documentary
126975,"drama , comedy"
126979,documentary
126985,"drama , crime"
126989,drama
126993,drama
126995,drama
126999,
127003,documentary
127005,documentary
127007,"comedy , drama"
127957,drama
127991,"comedy , drama"
128015,drama
128027,music
128047,drama
128069,western
128077,western
128079,western
128115,western
128131,"drama , thriller"
128193,drama
128219,drama
128237,drama
128243,drama
128253,"thriller , horror"
128295,history
128356,"crime , thriller , mystery , drama"
128373,western
128383,crime
128393,"crime , action"
128395,"crime , action"
128401,"crime , action"
128421,action
128431,drama
128433,thriller
128480,documentary
128492,adventure
128498,"thriller , mystery"
128500,"action , adventure"
128504,"thriller , crime"
128514,
128516,drama
128544,"drama , comedy"
128570,"romance , drama"
128590,family
128610,drama
128616,drama
128624,drama
128644,"war , comedy , family"
128667,"tv movie , crime"
128673,comedy
128686,"adventure , family"
128705,adventure
128727,"drama , romance"
128752,"drama , war"
128754,"drama , comedy"
128766,"thriller , history"
128780,"crime , drama"
128794,drama
128796,"drama , comedy"
128800,drama
128810,comedy
128816,"crime , thriller"
128818,comedy
128820,drama
128916,drama
129052,"drama , action , crime"
129056,comedy
129076,"comedy , drama , romance"
129078,romance
129185,"crime , drama"
129187,drama
129189,"comedy , documentary"
129193,drama
129211,thriller
129225,"drama , mystery"
129250,"comedy , action"
129524,drama
129530,documentary
129536,"thriller , action"
129651,documentary
129661,"mystery , drama , horror"
129663,comedy
129667,"music , documentary"
129677,"science fiction , action"
129683,crime
129689,thriller
129705,"comedy , documentary , drama"
129723,comedy
129733,"drama , music"
129755,"crime , drama"
129759,drama
129765,"action , crime"
129769,"crime , action"
129802,"drama , history"
129838,"tv movie , drama"
129847,drama
129849,
129851,documentary
129865,"crime , action"
129869,"mystery , thriller"
129871,drama
129875,"action , crime , drama"
129877,"horror , thriller"
129879,"crime , thriller"
129881,
129885,drama
129887,
129895,"thriller , horror"
129915,drama
129917,drama
129919,"fantasy , drama , horror"
129925,"comedy , drama"
129929,drama
129931,documentary
129943,"drama , romance"
129980,"adventure , action"
129986,"action , adventure , comedy , science fiction"
129996,"drama , crime"
130060,"drama , tv movie"
130089,"drama , romance"
130093,"comedy , romance"
130099,documentary
130144,comedy
130165,"comedy , music"
130178,mystery
130204,drama
130231,crime
130235,"drama , romance"
130237,"thriller , action"
130239,"drama , war"
130252,"mystery , comedy , crime"
130259,comedy
130280,"action , drama , romance"
130296,documentary
130298,"romance , comedy , drama"
130324,drama
130342,drama
130386,"science fiction , comedy , drama"
130410,"comedy , romance"
130430,drama
130432,drama
130446,documentary
130454,
130456,"drama , mystery , thriller"
130472,music
130500,"romance , comedy"
130502,drama
130532,drama
130552,"thriller , action , drama , tv movie"
130558,"tv movie , adventure , horror , thriller"
130620,drama
130652,action
130666,drama
130672,comedy
130690,comedy
130716,"science fiction , action"
130732,
130770,drama
130776,"drama , crime , mystery , thriller"
130810,"drama , crime"
130812,drama
130814,"thriller , action , horror"
130820,"action , crime"
130834,"comedy , drama"
130844,"drama , horror , thriller"
130846,"thriller , drama , mystery"
130852,documentary
130860,comedy
130866,comedy
130876,"history , war , drama"
130878,"comedy , thriller"
130882,"action , adventure , comedy"
130918,"comedy , drama , fantasy"
130932,comedy
130936,comedy
130946,comedy
130962,
130968,"drama , romance"
131021,comedy
131029,fantasy
131031,comedy
131078,
131108,animation
131172,drama
131186,drama
131198,drama
131209,"thriller , horror"
131223,"horror , science fiction"
131225,"drama , romance"
131260,"music , drama"
131276,"crime , horror , mystery , thriller , tv movie"
131280,"drama , tv movie , action"
131294,"war , action , comedy"
131300,thriller
131320,western
131361,"mystery , comedy , crime"
131371,drama
131391,"drama , comedy"
131415,"comedy , drama"
131427,"drama , romance"
131468,western
131524,drama
131536,
131538,documentary
131542,"horror , drama , fantasy"
131544,science fiction
131556,drama
131560,"comedy , thriller , drama"
131568,drama
131602,"science fiction , romance , comedy , family"
131606,"comedy , music , tv movie"
131632,comedy
131642,comedy
131648,"drama , romance"
131654,
131672,comedy
131678,comedy
131702,comedy
131708,comedy
131755,
131763,comedy
131771,comedy
131775,"history , documentary"
131777,comedy
131779,comedy
131792,comedy
131808,drama
131810,comedy
131838,
131844,comedy
131846,"romance , comedy"
131864,comedy
131876,comedy
131878,
131900,comedy
131916,comedy
131922,drama
131952,comedy
131962,"comedy , drama , tv movie"
131968,"comedy , romance"
131990,comedy
131996,comedy
132016,comedy
132034,"crime , comedy"
132062,documentary
132070,"documentary , tv movie"
132082,
132084,romance
132088,western
132098,western
132116,"crime , action , drama"
132155,"drama , comedy"
132171,documentary
132206,"drama , crime"
132226,music
132247,"drama , action"
132264,western
132266,"drama , history"
132282,"drama , romance"
132284,music
132288,"mystery , comedy , horror"
132298,documentary
132305,"western , mystery"
132307,"drama , comedy , romance"
132370,"animation , horror"
132379,
132392,"romance , drama"
132394,"comedy , drama"
132406,"adventure , thriller"
132438,"drama , romance"
132448,"tv movie , action , crime , drama"
132516,"drama , horror"
132606,drama
132622,drama
132666,documentary
132699,"war , comedy , romance"
132707,adventure
132713,"drama , crime"
132729,"comedy , western"
132733,"drama , action"
132760,"drama , comedy"
132764,drama
132766,comedy
132768,drama
132774,"drama , comedy , tv movie"
132776,"drama , comedy"
132806,"action , crime"
132810,drama
132816,"romance , drama"
132834,drama
132836,"drama , thriller"
132852,"comedy , thriller"
132860,drama
132866,crime
132868,crime
132879,documentary
132886,"romance , comedy"
132890,"documentary , drama , family"
132892,"drama , comedy"
132896,documentary
132932,"romance , drama"
132948,romance
132952,"action , drama"
132981,
133051,"action , war"
133053,"action , war"
133055,"adventure , action"
133057,comedy
133067,"thriller , action , crime"
133073,"action , crime"
133075,"thriller , action , crime"
133081,"action , thriller , crime"
133097,"drama , romance , thriller"
133105,western
133197,documentary
133201,comedy
133211,music
133229,drama
133243,documentary
133264,"comedy , drama"
133297,documentary
133299,documentary
133321,documentary
133341,"thriller , drama"
133395,drama
133409,
133427,"drama , thriller"
133433,"western , comedy"
133473,"adventure , family"
133483,"action , comedy"
133493,"comedy , adventure , science fiction"
133501,thriller
133509,documentary
133519,comedy
133557,drama
133565,"comedy , drama"
133585,"comedy , crime"
133598,"romance , comedy"
133606,history
133616,"drama , war"
133628,western
133630,drama
133640,"romance , western"
133677,
133701,"drama , thriller , science fiction"
133714,"western , horror , animation"
133718,drama
133727,"drama , family"
133743,"drama , comedy"
133765,"romance , comedy"
133828,"thriller , drama , action , tv movie"
133835,"comedy , documentary"
133849,"history , drama"
133889,"music , fantasy , comedy"
133900,comedy
133904,"romance , music"
133943,action
133953,"drama , western , comedy"
133966,"comedy , romance"
133984,"crime , drama , thriller"
133992,
134002,comedy
134009,"romance , comedy , music"
134011,"comedy , drama , romance"
134025,
134037,"drama , romance"
134053,comedy
134057,comedy
134063,western
134065,western
134075,drama
134097,comedy
134107,"drama , romance"
134113,"comedy , action"
134142,"drama , horror"
134192,"comedy , music"
134216,drama
134220,music
134224,"drama , crime"
134240,"drama , romance"
134254,"music , comedy"
134256,"comedy , crime , tv movie"
134266,"crime , thriller"
134280,comedy
134284,drama
134294,thriller
134296,comedy
134312,drama
134328,comedy
134330,"drama , romance"
134340,"action , thriller"
134346,"crime , thriller , mystery"
134356,"drama , family"
134405,comedy
134407,comedy
134411,comedy
134413,comedy
134415,"fantasy , comedy"
134425,comedy
134429,comedy
134491,comedy
134497,comedy
134501,"thriller , horror"
134503,"comedy , horror"
134507,drama
134542,"crime , drama , thriller , tv movie"
134571,"action , drama , crime"
134591,documentary
134595,drama
134627,"adventure , family"
134761,drama
134810,drama
134817,animation
134835,"science fiction , adventure , action"
134840,
134857,drama
134861,comedy
134896,comedy
134906,western
134908,"comedy , western"
134910,"western , mystery"
134929,drama
134931,drama
134965,
134967,"crime , drama"
134969,"romance , comedy"
134973,"romance , comedy"
134981,"comedy , drama"
134997,comedy
135005,comedy
135009,comedy
135039,comedy
135049,"music , documentary"
135057,"fantasy , comedy , drama"
135061,"drama , history"
135065,"comedy , drama"
135073,comedy
135077,drama
135079,comedy
135083,comedy
135087,comedy
135105,comedy
135129,"drama , thriller"
135196,thriller
135202,
135224,drama
135254,"drama , comedy"
135276,"comedy , family , tv movie"
135300,"comedy , drama"
135310,"comedy , drama"
135336,"comedy , horror"
135352,"western , comedy"
135354,"comedy , western"
135362,"war , comedy"
135370,comedy
135392,"horror , comedy"
135400,comedy
135414,
135416,documentary
135460,"animation , documentary"
135488,"tv movie , comedy , family , fantasy , horror"
135492,drama
135539,"thriller , romance , science fiction"
135561,"drama , tv movie"
135573,documentary
135575,"comedy , drama"
135581,"horror , tv movie"
135583,horror
135611,"comedy , romance , tv movie"
135641,comedy
135643,"horror , thriller"
135645,"mystery , thriller , romance , tv movie"
135663,"history , comedy , adventure"
135667,comedy
135691,action
135721,"tv movie , drama , crime , thriller"
135731,"romance , action , thriller"
135733,
135737,drama
135771,action
135773,"action , crime"
135775,"action , crime , drama"
135783,"action , drama , romance"
135799,"romance , drama"
135819,
135821,action
135891,"comedy , crime , thriller"
135895,"comedy , drama"
135917,comedy
135921,"drama , romance"
135935,
136056,comedy
136074,"fantasy , comedy , science fiction"
136082,"drama , comedy"
136090,comedy
136102,comedy
136104,drama
136108,comedy
136148,"romance , comedy , drama"
136206,"comedy , action"
136241,comedy
136275,comedy
136277,comedy
136283,comedy
136285,comedy
136311,"tv movie , adventure , comedy , romance"
136371,"drama , family , comedy , tv movie"
136375,"drama , thriller"
136381,drama
136395,drama
136401,"drama , history"
136411,drama
136415,"comedy , drama , war"
136421,"drama , thriller"
136453,animation
136481,animation
136524,horror
136526,action
136560,
136566,"science fiction , drama"
136570,comedy
136590,"tv movie , adventure , comedy , family"
136592,"comedy , family , fantasy , tv movie"
136606,documentary
136610,drama
136630,
136706,documentary
136710,
136736,"war , drama"
136742,comedy
136746,"comedy , drama"
136772,"romance , fantasy"
136774,"romance , comedy , drama"
136824,
136832,drama
136836,"drama , romance"
136842,"drama , science fiction"
136844,"action , drama , comedy"
136866,drama
136872,"horror , comedy"
136874,"drama , music"
136876,"adventure , drama"
136878,
136880,drama
136886,
136966,"drama , tv movie"
136970,"comedy , romance , drama"
136992,"drama , tv movie"
136994,
137004,"science fiction , drama"
137030,
137034,"drama , tv movie"
137056,"horror , drama , tv movie"
137082,drama
137084,drama
137104,"western , tv movie"
137120,"drama , comedy"
137148,drama
137162,"comedy , drama"
137166,"crime , drama , mystery"
137180,drama
137188,"drama , tv movie"
137240,
137242,comedy
137270,drama
137276,"crime , mystery , drama"
137284,"music , documentary"
137292,
137296,"drama , crime"
137303,animation
137333,"drama , comedy"
137335,drama
137361,"drama , fantasy , mystery"
137369,drama
137375,
137419,"tv movie , drama , romance"
137437,"drama , war"
137451,"thriller , tv movie"
137453,"drama , comedy"
137482,"comedy , romance"
137488,"horror , comedy"
137496,documentary
137572,drama
137574,documentary
137576,documentary
137579,"drama , fantasy"
137583,
137585,
137587,
137589,"tv movie , science fiction"
137591,"mystery , crime , thriller , tv movie"
137624,"drama , romance"
137644,"comedy , crime , drama"
137648,comedy
137660,comedy
137662,drama
137666,"documentary , history"
137678,"drama , tv movie"
137741,
137771,drama
137803,"action , crime , mystery , thriller"
137829,"action , romance , science fiction"
137833,"horror , thriller"
137845,drama
137851,"drama , romance , tv movie"
137873,
137875,comedy
137887,comedy
137893,comedy
137920,"crime , thriller"
137934,"crime , horror , thriller"
137940,"comedy , drama"
137954,"crime , drama , tv movie"
137956,thriller
137962,
137966,"comedy , fantasy , romance"
137972,drama
137990,"mystery , thriller"
137994,
138008,"romance , comedy , drama"
138024,music
138026,"music , documentary"
138042,"drama , horror"
138098,
138114,"crime , drama"
138120,"horror , thriller"
138140,thriller
138180,
138192,"drama , mystery"
138198,comedy
138218,"crime , thriller"
138228,
138266,"tv movie , thriller , drama"
138294,comedy
138296,
138310,comedy
138314,comedy
138316,
138322,"drama , comedy"
138324,
138332,drama
138340,comedy
138348,
138354,"comedy , romance , drama"
138358,drama
138382,"drama , comedy"
138386,"drama , tv movie"
138398,drama
138442,"history , drama , adventure"
138452,"family , drama"
138456,"romance , drama , comedy"
138464,drama
138470,"comedy , drama"
138474,drama
138484,"comedy , romance"
138502,
138518,"thriller , crime , mystery"
138656,"drama , history"
138719,documentary
138730,"western , adventure"
138740,"thriller , horror"
138776,horror
138782,thriller
138802,"action , drama"
138848,"romance , drama , tv movie"
138863,music
138885,crime
138894,comedy
138954,music
138988,horror
139002,horror
139044,drama
139050,documentary
139076,"history , drama , war"
139078,"history , drama , war"
139104,documentary
139112,
139122,animation
139126,drama
139142,"tv movie , music"
139175,comedy
139177,"comedy , romance"
139189,"action , crime"
139191,"action , thriller , crime"
139197,drama
139199,"adventure , war"
139203,drama
139251,"comedy , drama"
139267,thriller
139301,horror
139335,"comedy , drama , family , tv movie"
139349,"thriller , horror"
139375,drama
139401,drama
139407,documentary
139423,"drama , crime , tv movie"
139459,horror
139477,horror
139499,"romance , drama"
139545,"thriller , drama , horror"
139547,music
139563,thriller
139569,
139592,"family , fantasy , drama"
139596,documentary
139618,animation
139651,"thriller , tv movie"
139665,drama
139669,drama
139683,"thriller , tv movie"
139693,"drama , family , tv movie"
139699,"horror , thriller"
139735,comedy
139737,"war , mystery"
139763,drama
139765,"drama , comedy"
139793,"romance , crime , drama"
139845,
139847,"drama , comedy"
139849,drama
139851,
139853,drama
139867,"horror , crime , drama"
139877,"crime , drama"
139928,drama
139940,drama
139958,"drama , horror , thriller"
139978,comedy
139986,comedy
139992,comedy
140002,comedy
140004,comedy
140006,comedy
140026,comedy
140046,comedy
140048,comedy
140070,"comedy , drama"
140121,family
140129,"drama , thriller"
140142,drama
140144,drama
140164,
140166,comedy
140176,"comedy , drama , family"
140200,
140206,"romance , comedy"
140233,"comedy , drama , animation"
140327,drama
140335,"crime , drama , action"
140363,"animation , adventure , comedy , tv movie"
140375,comedy
140379,"drama , tv movie"
140387,drama
140389,"tv movie , western"
140399,
140427,"drama , tv movie"
140431,"family , drama"
140443,"tv movie , comedy"
140455,"history , drama , tv movie"
140461,"drama , family , tv movie"
140465,"tv movie , action , mystery"
140467,tv movie
140471,"tv movie , action , crime , mystery"
140479,drama
140487,tv movie
140509,family
140531,"animation , adventure"
140545,animation
140549,documentary
140577,"documentary , history , war"
140587,western
140593,"comedy , science fiction"
140597,"history , drama"
140605,"family , adventure , drama"
140615,documentary
140623,documentary
140639,"mystery , family , tv movie"
140667,crime
140685,"crime , thriller"
140697,drama
140703,science fiction
140731,drama
140753,"romance , comedy , drama"
140763,music
140765,crime
140775,drama
140874,"adventure , family"
140920,"drama , thriller"
140964,"drama , history , thriller"
140988,drama
140994,drama
141014,documentary
141020,comedy
141042,comedy
141048,action
141068,"comedy , crime , mystery"
141090,comedy
141096,
141118,"comedy , romance"
141162,"comedy , drama , thriller"
141170,"action , adventure , drama"
141207,documentary
141292,"action , drama , thriller"
141297,
141301,"family , adventure , fantasy"
141305,"comedy , crime"
141323,"comedy , romance"
141343,"music , crime , drama"
141355,"drama , fantasy"
141377,thriller
141379,science fiction
141381,"crime , action , drama"
141387,"crime , action"
141389,"comedy , drama , science fiction"
141406,"drama , thriller"
141436,"comedy , drama"
141442,
141444,"drama , mystery , romance"
141458,
141466,drama
141470,
141472,documentary
141489,music
141507,"thriller , action"
141532,drama
141558,documentary
141580,"drama , fantasy , war"
141598,
141612,"comedy , drama , romance"
141638,comedy
141654,"drama , thriller , horror"
141664,war
141674,"comedy , drama , romance"
141682,documentary
141696,"thriller , horror , war"
141745,"drama , crime"
141747,
141765,drama
141779,comedy
141858,"comedy , science fiction"
141872,drama
141882,"comedy , drama , tv movie"
141894,documentary
141900,drama
141936,horror
141940,"family , animation , action , adventure , fantasy , science fiction"
141948,"drama , music"
141990,"drama , war , romance"
142000,western
142002,"thriller , crime , drama"
142034,"tv movie , documentary"
142038,history
142042,documentary
142046,drama
142098,"tv movie , crime , drama , history"
142128,"mystery , comedy"
142142,"documentary , drama , war"
142144,"fantasy , comedy"
142214,
142308,"crime , comedy"
142378,"drama , crime"
142394,"action , adventure"
142400,comedy
142432,comedy
142434,drama
142460,thriller
142464,crime
142490,drama
142494,"drama , tv movie"
142496,"comedy , drama , tv movie"
142517,
142544,comedy
142548,"drama , comedy"
142556,drama
142572,"tv movie , comedy , family"
142610,
142612,drama
142614,thriller
142616,drama
142620,thriller
142687,"music , comedy"
142714,comedy
142723,music
142748,horror
142795,"drama , music"
142801,"drama , comedy , thriller"
142825,"drama , romance"
142837,"comedy , romance"
142901,drama
142911,"romance , comedy"
142913,"comedy , drama , music"
142937,"horror , mystery , thriller"
142959,"comedy , drama"
142977,
142979,"comedy , fantasy , thriller , crime"
142987,"drama , history"
142995,"war , drama"
143007,"drama , family"
143013,comedy
143043,"thriller , drama , mystery"
143059,music
143067,documentary
143096,drama
143101,drama
143103,"documentary , tv movie"
143108,romance
143133,"western , romance , tv movie"
143150,"drama , tv movie"
143152,music
143156,"comedy , drama , romance"
143158,drama
143162,"drama , romance"
143201,drama
143205,"horror , comedy"
143211,comedy
143217,"drama , comedy"
143221,comedy
143235,"tv movie , drama , family"
143259,action
143283,"drama , documentary , adventure"
143285,drama
143301,drama
143303,drama
143305,"comedy , drama"
143329,"crime , drama"
143333,music
143408,
143410,"war , drama , thriller , action"
143420,comedy
143426,"tv movie , romance , drama , family"
143434,"comedy , romance , drama"
143454,drama
143460,
143480,comedy
143492,
143494,
143521,
143539,
143541,documentary
143551,"comedy , drama , tv movie"
143565,"history , drama"
143619,"crime , drama , history"
143697,"animation , family"
143701,
143709,
143711,"documentary , drama"
143727,"drama , romance"
143739,drama
143747,drama
143761,drama
143783,comedy
143791,"comedy , crime"
143803,"comedy , crime , drama"
143809,comedy
143811,adventure
143815,"romance , comedy"
143825,drama
143851,comedy
143855,documentary
143912,"romance , comedy , drama"
143923,western
143972,drama
143996,"tv movie , crime , drama"
144017,"comedy , romance"
144025,"comedy , drama , romance"
144027,"adventure , drama"
144054,"action , thriller"
144078,drama
144080,"drama , crime"
144102,comedy
144110,"history , drama"
144112,documentary
144124,"drama , romance"
144142,drama
144144,drama
144158,horror
144166,"drama , tv movie"
144178,
144180,
144204,"drama , comedy"
144236,drama
144256,"thriller , comedy , crime"
144258,"crime , comedy"
144284,"drama , horror , thriller"
144314,"action , drama , thriller"
144442,"mystery , crime , thriller"
144528,
144602,"science fiction , action , comedy , adventure"
144630,"drama , mystery"
144652,music
144674,"family , adventure"
144680,"drama , fantasy , mystery"
144684,"comedy , drama , family , fantasy , mystery"
144720,
144726,drama
144732,"comedy , horror , mystery"
144740,comedy
144742,documentary
144772,drama
144804,"action , drama , war"
144820,"comedy , drama , music"
144830,"drama , crime"
144832,"drama , music"
144846,"adventure , history"
144882,
144884,"western , comedy"
144888,adventure
144912,"action , crime , drama"
144916,"drama , family , war"
144952,"tv movie , crime , action"
144990,
144998,western
145006,horror
145036,drama
145040,drama
145074,"fantasy , adventure , tv movie , comedy"
145106,"drama , romance"
145118,documentary
145122,
145124,drama
145148,"science fiction , tv movie , action , comedy"
145154,"drama , mystery , thriller"
145156,"crime , mystery , thriller , tv movie"
145320,drama
145322,"adventure , action"
145366,"action , adventure"
145370,drama
145392,"drama , romance"
145416,"romance , drama"
145424,comedy
145436,western
145438,"western , comedy"
145440,"western , adventure , comedy"
145450,comedy
145472,"mystery , thriller , crime , horror"
145548,"comedy , adventure"
145562,comedy
145620,"adventure , fantasy"
145638,"history , drama"
145650,"drama , thriller"
145676,"action , adventure , comedy"
145686,"horror , thriller"
145698,comedy
145714,history
145718,"crime , thriller , mystery , horror"
145720,comedy
145735,thriller
145749,drama
145779,western
145805,"thriller , horror"
145809,"horror , adventure , comedy , thriller , action"
145811,"romance , drama"
145813,drama
145815,drama
145817,"action , horror"
145825,"drama , history"
145827,adventure
145833,
145835,comedy
145851,comedy
145855,"horror , thriller"
145861,
145873,"drama , crime"
145875,comedy
145885,"comedy , drama , romance"
145889,drama
145903,"comedy , action , thriller"
145909,drama
145933,"action , comedy"
145966,"drama , comedy , romance"
145968,"comedy , crime , music"
146010,"drama , romance"
146042,"crime , mystery , tv movie"
146044,
146058,
146062,"drama , comedy , history"
146066,"action , drama , family"
146070,
146072,
146080,
146086,
146090,"thriller , drama"
146092,
146094,
146098,
146100,
146102,
146104,
146106,comedy
146108,comedy
146112,"crime , mystery , thriller"
146116,
146118,"thriller , drama , mystery"
146130,horror
146150,romance
146160,
146166,"action , drama , horror"
146168,horror
146174,"action , romance , drama"
146176,"action , drama , romance"
146180,"fantasy , action"
146186,"family , comedy , romance , drama"
146188,"comedy , family"
146192,
146200,comedy
146204,"drama , romance"
146216,
146218,"action , crime , drama"
146220,"action , comedy , drama"
146222,
146226,
146228,"action , crime"
146236,"action , romance"
146240,"action , drama"
146246,
146248,"romance , comedy , action"
146250,"thriller , action , romance"
146256,"action , comedy , music"
146258,"action , adventure , western"
146270,horror
146272,"adventure , comedy , drama , family"
146275,"drama , thriller"
146303,"comedy , animation"
146315,documentary
146321,"horror , action , fantasy"
146333,"drama , comedy"
146335,documentary
146350,"thriller , horror , science fiction"
146354,drama
146362,"drama , romance"
146364,"drama , romance"
146366,"thriller , mystery"
146368,"romance , drama"
146370,"action , comedy , drama"
146372,"comedy , drama , romance"
146376,"action , crime , thriller"
146380,"action , drama , romance"
146382,
146386,"thriller , comedy , crime"
146388,"action , crime , drama"
146390,"action , adventure , comedy , drama , romance"
146394,"drama , romance"
146398,"action , crime , thriller"
146400,"comedy , drama"
146404,"comedy , drama , family , romance"
146406,
146408,"comedy , drama , family"
146410,"romance , thriller"
146429,
146431,"action , crime"
146439,romance
146463,"drama , romance"
146485,"action , crime , drama , western"
146487,"action , adventure"
146495,comedy
146497,drama
146499,documentary
146503,drama
146546,"western , drama , history"
146550,"comedy , action"
146554,drama
146582,comedy
146584,"thriller , crime"
146592,"war , history"
146608,"music , comedy , romance"
146610,"music , adventure , fantasy"
146616,drama
146630,"science fiction , comedy"
146644,drama
146686,drama
146690,"comedy , romance"
146692,comedy
146706,comedy
146708,comedy
146710,comedy
146734,"war , action , adventure , history , tv movie"
146770,drama
146776,"comedy , crime"
146780,drama
146796,"fantasy , horror"
146806,comedy
146812,drama
146816,"drama , history"
146830,"war , drama"
146840,"drama , history"
146852,"drama , history"
146858,drama
146860,drama
146862,drama
146868,drama
146880,"comedy , tv movie"
146884,"drama , comedy"
146886,music
146888,"comedy , music"
146892,comedy
146894,comedy
146898,"romance , drama , comedy , history"
146912,"war , action , adventure , tv movie , history"
146934,drama
146938,drama
146940,drama
146952,"comedy , drama"
146960,"drama , comedy"
146966,comedy
146968,comedy
146972,drama
146974,"romance , comedy"
146976,comedy
146980,"war , comedy"
147000,drama
147012,"documentary , history"
147039,"drama , romance"
147088,"crime , drama , mystery , thriller"
147100,drama
147110,documentary
147114,"documentary , crime"
147116,"horror , comedy"
147118,comedy
147120,
147130,"drama , war , history , thriller"
147144,"drama , family"
147176,"science fiction , western"
147186,"animation , music , family"
147218,comedy
147222,"history , romance"
147226,"action , drama"
147274,drama
147284,"comedy , music , tv movie"
147318,music
147334,"drama , comedy"
147338,"action , animation , horror"
147370,"drama , history"
147388,"horror , comedy"
147404,"thriller , action , mystery"
147420,"crime , drama , music"
147450,"horror , comedy"
147458,horror
147466,"action , drama"
147499,"mystery , crime , science fiction , tv movie"
147536,action
147573,"action , adventure , science fiction"
147593,"thriller , drama"
147605,drama
147624,"drama , comedy"
147676,"western , war , drama , music"
147680,drama
147696,"romance , comedy"
147722,"adventure , drama"
147732,"action , adventure , science fiction"
147740,thriller
147772,"documentary , adventure , family"
147789,music
147795,crime
147811,"drama , romance"
147841,
147867,"adventure , drama , history , romance"
147893,"comedy , family"
147895,comedy
147899,comedy
147915,
147917,
147940,"romance , drama , comedy"
147942,"drama , fantasy , science fiction , thriller"
147948,"adventure , action"
147950,comedy
147952,comedy
147960,"war , comedy"
147980,"romance , music"
147984,drama
147994,music
147996,"action , adventure , drama , thriller"
148008,comedy
148012,"action , adventure , drama , war"
148022,"comedy , western"
148028,"drama , crime"
148040,documentary
148046,documentary
148048,"animation , documentary"
148052,documentary
148074,"tv movie , drama"
148091,"crime , drama"
148101,"tv movie , war , drama , action"
148114,"documentary , music"
148118,"action , drama"
148124,"fantasy , action , adventure"
148128,western
148134,"action , crime , drama"
148146,"crime , drama"
148160,documentary
148176,"action , drama , crime"
148180,western
148210,action
148222,"action , western"
148246,"comedy , crime"
148260,drama
148274,documentary
148286,"tv movie , music"
148329,western
148390,
148430,drama
148458,documentary
148464,
148526,"war , adventure , drama , romance , action"
148554,comedy
148560,"crime , action"
148564,western
148572,western
148578,comedy
148598,"drama , romance"
148608,comedy
148642,drama
148677,"drama , music , war"
148691,
148705,documentary
148707,"romance , drama , history"
148715,"tv movie , drama , action"
148731,drama
148741,documentary
148749,comedy
148755,drama
148777,"crime , thriller"
148789,"adventure , family , fantasy , animation"
148795,"drama , music"
148807,drama
148826,drama
148861,"crime , drama , thriller"
148877,documentary
148902,documentary
148906,comedy
148915,"romance , tv movie"
148917,"tv movie , comedy , family"
148923,drama
148936,"mystery , comedy , drama"
148958,
148960,
149020,"romance , drama"
149041,documentary
149080,"drama , romance"
149086,"science fiction , thriller"
149090,thriller
149106,horror
149116,drama
149124,"tv movie , family , drama"
149128,
149136,comedy
149138,comedy
149158,comedy
149170,comedy
149172,comedy
149174,comedy
149176,comedy
149178,comedy
149182,
149188,comedy
149254,"drama , crime"
149258,"thriller , mystery , romance"
149268,"drama , war"
149270,drama
149296,documentary
149298,documentary
149306,"documentary , music"
149308,"documentary , music"
149310,documentary
149314,"comedy , documentary , music , tv movie"
149316,music
149318,music
149330,"animation , science fiction , family , tv movie"
149346,documentary
149356,"comedy , family , tv movie"
149358,documentary
149364,"romance , drama , family , tv movie"
149384,"tv movie , romance"
149394,"romance , tv movie , comedy"
149396,"tv movie , drama"
149428,"drama , romance"
149436,"romance , fantasy"
149448,"thriller , drama"
149462,
149466,"drama , romance"
149476,"comedy , romance"
149502,romance
149532,"action , history , drama"
149538,drama
149540,drama
149548,"comedy , romance"
149552,drama
149576,"tv movie , family"
149594,drama
149630,"comedy , romance"
149634,"drama , romance , history"
149646,
149674,
149692,"tv movie , horror"
149698,"music , comedy"
149700,drama
149715,"drama , crime , action , thriller"
149717,"fantasy , tv movie , comedy , drama"
149770,romance
149772,"drama , romance"
149816,"romance , comedy , family , drama"
149818,"drama , history"
149848,"drama , comedy , crime"
149883,
149896,drama
149904,"romance , drama"
149925,drama
149929,drama
149936,drama
149967,"action , thriller , romance , crime"
149969,western
149984,
150004,
150006,"comedy , drama , family"
150020,drama
150064,"drama , romance"
150068,"drama , romance"
150076,"drama , comedy"
150078,"comedy , drama"
150146,documentary
150162,drama
150214,"drama , war"
150218,crime
150240,"comedy , family"
150266,documentary
150342,"thriller , action , crime"
150346,documentary
150358,"animation , comedy , romance"
150362,
150369,"adventure , family , animation , fantasy"
150399,comedy
150413,"drama , romance"
150419,drama
150421,drama
150437,"drama , mystery"
150459,drama
150534,"crime , drama , mystery , thriller"
150574,"music , comedy"
150576,music
150584,drama
150615,documentary
150617,"comedy , action"
150629,animation
150645,comedy
150665,"documentary , animation"
150669,comedy
150671,
150676,documentary
150704,comedy
150710,"crime , drama , tv movie"
150724,"family , action"
150748,"drama , thriller , tv movie"
150750,"comedy , drama"
150756,"history , drama , tv movie"
150782,drama
150788,documentary
150792,drama
150794,documentary
150802,drama
150838,"drama , documentary"
150846,comedy
150854,documentary
150868,drama
150872,"drama , mystery , tv movie , crime"
150878,drama
150880,"comedy , drama"
150888,comedy
150898,"drama , history"
150900,"comedy , tv movie , documentary"
150906,"comedy , romance"
150916,"thriller , crime , action"
150948,drama
150970,"romance , mystery"
150972,"family , drama"
150976,horror
150986,drama
151019,"drama , crime"
151115,"romance , comedy"
151117,music
151121,"action , adventure , drama"
151127,drama
151133,music
151137,"music , comedy"
151157,western
151161,western
151167,mystery
151171,"drama , comedy"
151175,"crime , drama , mystery"
151179,comedy
151183,comedy
151185,comedy
151187,comedy
151189,drama
151202,"action , drama , thriller"
151285,comedy
151295,drama
151307,"documentary , history"
151327,drama
151335,drama
151341,"documentary , comedy"
151347,comedy
151359,"history , documentary"
151420,"drama , western , romance , action"
151435,drama
151443,documentary
151449,"drama , music"
151453,drama
151457,drama
151461,"romance , drama"
151473,western
151483,"drama , fantasy"
151491,"comedy , drama"
151495,comedy
151497,
151517,
151525,"thriller , action , romance , crime"
151541,drama
151543,"crime , drama , thriller"
151545,
151581,"drama , war"
151583,"drama , history"
151585,
151593,"drama , horror , thriller , mystery"
151659,drama
151665,music
151667,"comedy , mystery"
151669,documentary
151677,documentary
151685,"history , action , drama"
151693,documentary
151701,documentary
151711,"animation , comedy"
151719,"comedy , drama"
151721,"drama , comedy"
151727,drama
151783,documentary
151793,documentary
151815,drama
151819,"thriller , crime , mystery"
151829,"romance , history , drama"
151892,"music , drama , family"
151943,music
151957,"comedy , adventure"
151961,"drama , tv movie"
151967,thriller
151975,
151981,"romance , drama"
151983,"action , romance"
151985,
152015,documentary
152035,documentary
152075,"drama , music"
152149,drama
152171,music
152212,"drama , adventure , crime , history"
152216,music
152230,"drama , comedy , crime"
152234,"history , drama"
152244,"thriller , comedy , crime"
152246,
152250,"comedy , crime , drama , romance"
152254,"drama , comedy"
152320,
152328,comedy
152332,
152338,"action , romance , thriller"
152342,thriller
152354,"crime , drama , mystery , thriller"
152358,"action , fantasy , thriller"
152360,"action , drama , romance"
152389,"comedy , music"
152419,comedy
152453,comedy
152477,"horror , romance , western"
152483,animation
152491,drama
152523,
152527,comedy
152537,comedy
152541,comedy
152561,comedy
152567,
152571,history
152605,comedy
152617,"science fiction , drama"
152629,documentary
152631,
152635,
152639,"animation , tv movie , comedy"
152660,"action , science fiction"
152672,
152682,"comedy , drama , romance"
152715,drama
152725,
152727,"adventure , drama , history"
152741,drama
152743,drama
152763,
152808,"drama , comedy"
152810,"action , drama"
152816,"drama , thriller"
152818,
152820,"action , crime , drama , romance"
152824,"action , war , history"
152840,
152852,comedy
152860,comedy
152882,"action , fantasy"
152884,"mystery , horror"
152898,
152904,
152906,
152910,documentary
152914,documentary
152918,documentary
152926,music
152928,"romance , drama"
152930,
152932,
152934,comedy
152942,drama
152944,"romance , comedy , drama"
152948,music
152956,
152996,drama
153000,"romance , drama"
153006,"action , crime , drama"
153008,
153010,"animation , mystery , fantasy"
153014,drama
153036,"mystery , drama"
153040,drama
153050,drama
153054,mystery
153058,"fantasy , documentary , drama"
153060,animation
153062,documentary
153066,documentary
153094,drama
153098,
153104,drama
153110,drama
153112,drama
153114,drama
153118,drama
153130,"fantasy , drama"
153140,drama
153144,documentary
153152,documentary
153158,drama
153182,"drama , romance , tv movie"
153184,
153194,drama
153196,drama
153202,documentary
153204,drama
153210,drama
153212,documentary
153214,drama
153218,drama
153230,documentary
153244,drama
153248,drama
153256,drama
153260,"drama , music"
153264,drama
153268,drama
153272,drama
153274,drama
153276,drama
153288,drama
153296,"drama , fantasy"
153302,"science fiction , drama , romance"
153308,drama
153312,drama
153314,"music , drama , fantasy"
153318,"drama , romance"
153322,"drama , comedy"
153324,documentary
153334,drama
153340,documentary
153342,"drama , fantasy , comedy"
153350,"thriller , mystery , romance"
153372,documentary
153380,"romance , drama"
153382,"drama , war"
153400,music
153402,drama
153416,drama
153424,documentary
153442,"comedy , drama"
153450,comedy
153454,documentary
153456,documentary
153458,drama
153470,"action , adventure , drama , thriller , tv movie"
153482,"crime , thriller"
153488,drama
153494,"romance , drama , war"
153504,"thriller , action , crime"
153506,crime
153548,action
153568,"family , adventure , drama"
153574,
153590,
153596,documentary
153598,
153604,"music , drama"
153610,drama
153616,
153620,drama
153638,music
153642,
153644,drama
153650,drama
153674,horror
153684,adventure
153686,adventure
153692,"drama , romance"
153700,
153714,drama
153722,comedy
153730,"thriller , crime"
153736,
153742,"war , drama"
153744,documentary
153746,"horror , mystery"
153754,documentary
153778,"comedy , romance"
153812,documentary
153814,documentary
153818,drama
153822,"comedy , crime"
153838,"animation , comedy"
153849,
153855,
153859,adventure
153871,
153873,"science fiction , drama , music"
153883,drama
153889,
153913,"drama , romance"
153917,"action , comedy"
153937,"action , drama"
153951,"comedy , crime , action"
153963,crime
153967,"tv movie , documentary"
153973,drama
153977,"comedy , drama , mystery"
153979,comedy
153985,"crime , drama , thriller"
153989,thriller
154023,crime
154047,western
154059,comedy
154110,"comedy , crime , mystery , romance"
154130,comedy
154132,comedy
154140,comedy
154142,comedy
154172,
154184,"drama , adventure"
154200,"romance , crime , drama"
154206,
154228,"drama , comedy"
154232,"documentary , comedy"
154240,drama
154258,"drama , horror , science fiction"
154260,
154266,documentary
154300,documentary
154307,romance
154309,drama
154339,drama
154341,documentary
154344,action
154354,music
154360,
154362,documentary
154364,"adventure , drama , family"
154370,"romance , comedy , drama"
154376,drama
154380,drama
154386,
154408,comedy
154438,comedy
154440,drama
154442,"family , adventure"
154452,drama
154482,"drama , romance"
154492,"history , action , drama"
154498,"comedy , drama"
154518,drama
154530,
154538,"drama , tv movie"
154572,"mystery , horror , fantasy , tv movie"
154582,"family , adventure , fantasy"
154586,
154590,drama
154594,"romance , family , fantasy"
154596,drama
154600,drama
154602,drama
154608,drama
154634,drama
154642,documentary
154648,drama
154652,documentary
154654,
154658,drama
154662,
154664,documentary
154668,"drama , war"
154670,drama
154674,drama
154703,comedy
154729,drama
154751,drama
154776,
154782,"drama , mystery , thriller"
154786,drama
154788,documentary
154794,drama
154806,"western , documentary"
154808,
154814,"drama , horror , science fiction"
154816,"documentary , science fiction"
154820,history
154836,drama
154842,documentary
154844,drama
154854,documentary
154858,"drama , mystery"
154860,drama
154864,documentary
154866,"comedy , drama , romance , tv movie"
154870,
154872,documentary
154876,
154878,"fantasy , horror , animation"
154884,
154886,
154888,documentary
154892,
154894,documentary
154896,"animation , horror"
154898,mystery
154900,documentary
154904,
154906,animation
154927,"history , drama"
154929,drama
154931,drama
154949,
154951,"horror , thriller"
154978,drama
154986,"comedy , horror"
154988,drama
155020,"drama , comedy"
155028,
155058,horror
155094,"romance , drama"
155106,"mystery , adventure , crime , family"
155111,"animation , science fiction , fantasy"
155121,"crime , thriller"
155129,"comedy , science fiction"
155145,"action , comedy"
155160,documentary
155172,documentary
155178,"comedy , drama"
155243,
155245,drama
155249,"western , comedy"
155279,drama
155314,crime
155334,"romance , music"
155399,"crime , action"
155418,comedy
155420,"romance , comedy"
155453,"mystery , drama , action"
155475,comedy
155481,"music , documentary"
155483,comedy
155485,comedy
155529,documentary
155539,"comedy , horror"
155571,"music , documentary , drama"
155587,comedy
155589,comedy
155593,
155597,"action , animation"
155617,drama
155621,documentary
155631,"comedy , drama"
155633,"comedy , drama"
155639,documentary
155656,action
155703,crime
155750,horror
155752,"action , animation"
155764,
155768,mystery
155770,drama
155786,
155794,
155802,"drama , romance"
155838,music
155844,horror
155854,"music , documentary"
155856,documentary
155870,
155884,action
155886,drama
155923,drama
155927,comedy
155932,"music , romance"
155986,drama
155990,comedy
156015,
156023,documentary
156048,drama
156052,"comedy , drama"
156071,documentary
156075,"animation , family"
156077,
156097,"crime , comedy"
156101,"crime , drama"
156175,documentary
156180,"drama , music , romance"
156233,"mystery , drama"
156250,western
156268,"crime , mystery"
156278,mystery
156284,"crime , thriller"
156342,mystery
156375,comedy
156412,"drama , history , music"
156416,"action , drama , fantasy"
156420,"thriller , action , comedy , drama"
156457,comedy
156460,"adventure , family"
156481,comedy
156493,comedy
156517,comedy
156525,comedy
156533,comedy
156537,comedy
156571,"thriller , animation , crime"
156575,comedy
156577,"drama , war"
156581,drama
156583,animation
156585,
156591,animation
156613,"adventure , comedy"
156623,"crime , drama , thriller"
156661,western
156684,documentary
156686,
156688,"drama , family"
156708,
156720,drama
156724,
156761,"drama , music"
156765,documentary
156844,western
156873,"thriller , tv movie , drama , mystery"
156894,drama
156911,"crime , drama"
156913,"drama , music"
156915,drama
156919,drama
156950,drama
156989,"action , war , western"
156991,"drama , crime"
156993,drama
156996,drama
157000,drama
157004,drama
157006,drama
157014,"comedy , drama , fantasy , romance"
157028,drama
157038,"documentary , tv movie"
157041,documentary
157057,documentary
157063,
157083,drama
157089,"thriller , tv movie , crime"
157128,"drama , comedy , science fiction"
157168,"adventure , crime , drama"
157194,"action , comedy"
157240,"crime , drama , thriller"
157242,mystery
157260,"action , crime , thriller"
157262,"animation , comedy"
157264,documentary
157278,
157294,comedy
157300,"horror , comedy , tv movie"
157302,"horror , tv movie , drama , comedy , mystery"
157306,"romance , comedy"
157314,drama
157320,
157322,"drama , action"
157332,"action , crime , drama"
157357,documentary
157381,"horror , thriller"
157401,"comedy , romance"
157442,"music , drama , crime"
157544,"romance , comedy , drama"
157549,drama
157609,music
157611,"music , documentary"
157619,"music , documentary"
157703,western
157709,"western , action"
157715,war
157717,western
157725,western
157735,western
157737,"action , adventure , animation"
157741,music
157759,"animation , comedy"
157761,"animation , science fiction , drama , action"
157781,"science fiction , animation , action , war"
157787,
157789,
157791,
157795,
157809,"animation , comedy"
157811,"animation , comedy"
157813,"animation , action , science fiction , romance , music"
157815,
157817,"action , adventure , animation , fantasy , comedy"
157819,"animation , science fiction"
157833,
157845,"drama , romance"
157847,"drama , romance"
157849,comedy
157863,drama
157875,"music , documentary"
157877,music
157895,"history , drama , western"
157905,adventure
157967,"music , documentary , crime"
157971,
157979,documentary
157987,"music , drama , romance"
158005,"music , documentary"
158013,
158017,
158031,drama
158033,"drama , crime , comedy"
158047,"drama , romance"
158056,drama
158062,
158084,"thriller , science fiction"
158086,comedy
158107,"drama , comedy"
158119,"comedy , mystery"
158121,
158127,music
158133,
158143,
158147,drama
158161,documentary
158210,crime
158222,"drama , history"
158234,"comedy , romance"
158240,"war , western"
158262,"drama , comedy"
158272,
158292,"action , science fiction , thriller"
158302,"comedy , drama , music , romance"
158312,documentary
158342,drama
158364,
158370,comedy
158386,music
158424,drama
158426,"comedy , romance"
158451,
158455,comedy
158493,"crime , comedy"
158506,"action , romance , thriller"
158526,drama
158536,"comedy , romance , tv movie , drama"
158553,"drama , history"
158563,documentary
158583,"thriller , crime , drama , tv movie"
158637,comedy
158675,
158693,"action , crime , drama , history"
158765,documentary
158789,drama
158791,drama
158805,drama
158807,"adventure , drama , documentary"
158838,
158854,documentary
158860,documentary
158862,"tv movie , documentary"
158864,documentary
158998,"action , crime"
159050,"drama , tv movie , thriller"
159067,"action , comedy , fantasy"
159073,"drama , comedy , family"
159097,documentary
159101,comedy
159109,
159113,
159117,drama
159123,
159125,
159127,documentary
159129,comedy
159141,
159143,
159145,
159199,history
159257,drama
159259,"drama , romance"
159261,drama
159281,drama
159283,"history , drama"
159295,
159297,drama
159305,"fantasy , history"
159307,"drama , comedy"
159313,"drama , thriller"
159325,
159335,"comedy , drama"
159337,"drama , romance"
159341,"drama , fantasy"
159345,drama
159391,"drama , horror , mystery"
159423,"documentary , music"
159445,drama
159471,
159473,
159488,"drama , history , horror"
159522,drama
159548,drama
159560,drama
159664,"action , adventure , crime"
159674,drama
159708,"drama , comedy , thriller"
159753,drama
159779,"comedy , fantasy , romance"
159789,"drama , history , romance"
159805,"music , documentary"
159843,music
159877,"adventure , science fiction"
159879,"comedy , romance"
159882,western
159947,
159949,"comedy , drama"
159984,drama
159988,drama
159998,drama
160004,drama
160022,drama
160036,"western , comedy"
160044,"crime , comedy"
160050,comedy
160058,western
160060,western
160068,western
160076,western
160078,comedy
160096,comedy
160124,"drama , mystery , horror"
160128,
160167,crime
160171,"crime , drama , thriller"
160173,
160213,comedy
160240,"comedy , drama , romance"
160257,comedy
160269,drama
160277,thriller
160295,
160315,"documentary , music"
160317,"history , drama"
160364,drama
160366,drama
160378,drama
160380,documentary
160384,"comedy , drama"
160386,"romance , drama"
160394,"documentary , family"
160398,drama
160410,drama
160412,drama
160420,"comedy , drama"
160426,comedy
160428,"action , horror"
160466,documentary
160468,action
160476,documentary
160535,
160579,comedy
160590,documentary
160606,"history , adventure , drama"
160614,
160624,
160676,"comedy , fantasy , tv movie"
160692,"drama , romance"
160732,drama
160740,comedy
160806,"music , romance"
160814,
160820,drama
160868,animation
160880,"music , documentary"
160888,"drama , action"
160946,comedy
160952,music
160964,fantasy
160966,
160968,
160970,
160972,documentary
161008,"romance , drama"
161016,"mystery , thriller , science fiction"
161038,"crime , drama , tv movie"
161040,drama
161050,"drama , tv movie"
161072,drama
161113,documentary
161133,"documentary , history"
161143,documentary
161202,"drama , thriller"
161248,drama
161250,comedy
161252,western
161254,western
161276,"drama , romance"
161278,drama
161294,"drama , romance"
161300,
161308,"music , documentary"
161320,
161366,"action , adventure"
161376,"drama , crime"
161380,thriller
161428,"comedy , romance , drama"
161466,"action , drama , thriller , tv movie"
161468,"animation , fantasy , family"
161512,comedy
161542,"romance , comedy"
161546,music
161558,
161598,"drama , history"
161604,"comedy , horror"
161610,
161620,"thriller , drama"
161630,documentary
161640,"drama , comedy"
161642,
161646,drama
161658,"history , documentary"
161670,drama
161708,"comedy , drama"
161710,drama
161712,drama
161718,"drama , tv movie"
161764,drama
161788,"music , animation , family"
161790,
161792,"animation , family"
161800,
161804,"animation , family"
161806,
161808,"animation , family"
161840,"romance , comedy"
161868,"romance , comedy , drama , music"
161876,"comedy , music , romance"
161948,"drama , adventure"
161952,documentary
162006,documentary
162104,"drama , romance"
162114,"drama , comedy"
162126,drama
162154,"romance , drama , music"
162166,"drama , music , romance"
162174,"drama , adventure , family"
162196,drama
162212,comedy
162214,drama
162238,
162290,"mystery , thriller"
162306,horror
162326,"romance , drama"
162342,drama
162354,comedy
162398,
162400,
162404,"drama , romance"
162412,comedy
162420,"romance , drama"
162446,"war , drama"
162486,"family , science fiction , comedy"
162504,"romance , music , drama"
162524,"romance , comedy"
162550,"drama , tv movie"
162566,"documentary , music"
162570,"documentary , drama"
162574,documentary
162580,drama
162608,comedy
162614,documentary
162644,"comedy , drama"
162698,
162702,"tv movie , comedy , family , fantasy"
162710,drama
162720,drama
162722,"romance , fantasy"
162740,"documentary , history"
162746,documentary
162760,"crime , thriller , horror"
162770,
162786,"drama , tv movie"
162788,"western , action , science fiction"
162802,"comedy , tv movie"
162808,"drama , romance"
162810,"comedy , romance"
162812,drama
162836,
162850,"comedy , romance , tv movie"
162862,documentary
162866,documentary
162886,documentary
162892,"comedy , science fiction , adventure"
162902,"comedy , science fiction"
162904,
162910,comedy
162912,comedy
162928,documentary
162936,"drama , comedy"
162938,"romance , drama"
162942,drama
162944,drama
162966,"comedy , romance"
162980,"animation , science fiction , action"
162992,"comedy , drama , romance"
163010,"drama , tv movie"
163016,
163024,drama
163026,
163038,"drama , war"
163040,drama
163042,drama
163046,"romance , comedy , drama"
163058,drama
163078,mystery
163080,"drama , history"
163104,documentary
163160,comedy
163162,music
163166,"comedy , music , romance"
163176,"action , adventure"
163210,western
163218,horror
163220,"drama , romance"
163224,mystery
163228,comedy
163236,western
163238,"crime , action"
163250,"drama , comedy"
163254,comedy
163280,"thriller , horror , mystery"
163288,comedy
163298,"music , comedy"
163316,"comedy , science fiction"
163322,"music , comedy"
163324,comedy
163326,"comedy , crime"
163332,"comedy , music , romance"
163336,"music , romance"
163338,"comedy , music"
163374,comedy
163378,"romance , comedy"
163398,drama
163400,documentary
163402,"romance , comedy"
163418,western
163424,"romance , comedy , action"
163434,drama
163442,crime
163448,"war , history"
163454,"action , comedy , drama"
163482,"mystery , thriller , horror"
163490,"crime , drama"
163498,drama
163506,documentary
163537,drama
163567,"comedy , drama , family , fantasy , romance , science fiction"
163583,
163585,documentary
163591,"drama , comedy"
163595,
163597,drama
163605,"adventure , family"
163607,"documentary , adventure"
163613,"documentary , family"
163637,"war , drama"
163659,"crime , thriller"
163667,drama
163675,"drama , action"
163677,drama
163741,drama
163795,"romance , drama"
163839,"adventure , drama , war"
163879,"drama , romance"
163907,"crime , action , drama"
163917,drama
163967,"science fiction , comedy"
163975,
163977,documentary
163993,"horror , thriller"
164011,
164025,"drama , comedy"
164045,"animation , family"
164051,drama
164053,comedy
164055,drama
164087,"romance , fantasy"
164091,
164109,"documentary , drama"
164129,"drama , comedy , history"
164133,"drama , action"
164169,
164187,"comedy , romance"
164224,"crime , drama"
164248,"drama , comedy"
164250,"thriller , action , crime , mystery"
164252,drama
164302,drama
164304,documentary
164306,"horror , comedy"
164312,"drama , war"
164330,documentary
164383,"mystery , drama"
164439,
164445,
164463,"western , drama , romance"
164469,drama
164501,"music , documentary"
164524,"romance , drama"
164526,comedy
164530,
164544,drama
164554,documentary
164572,"adventure , comedy , romance , western"
164574,"drama , romance , war"
164592,documentary
164594,documentary
164596,"documentary , science fiction"
164602,comedy
164610,"drama , action"
164639,"adventure , action , drama"
164657,animation
164661,documentary
164675,"romance , comedy , tv movie"
164691,comedy
164705,"science fiction , comedy , fantasy"
164709,"romance , drama , fantasy , tv movie"
164713,"comedy , drama , tv movie"
164743,"romance , comedy , family , tv movie"
164745,"romance , tv movie"
164775,"family , tv movie"
164787,"comedy , fantasy , romance , tv movie"
164795,"drama , tv movie , comedy"
164805,"drama , romance"
164819,
164847,"tv movie , western"
164865,"adventure , tv movie , family"
164883,"animation , family"
164927,drama
164975,"drama , tv movie"
165063,"drama , romance"
165089,documentary
165097,mystery
165113,drama
165165,
165183,horror
165197,horror
165217,"thriller , tv movie"
165237,"drama , thriller , tv movie"
165247,"comedy , romance , western"
165251,music
165273,
165275,music
165289,"music , tv movie , drama"
165293,"comedy , tv movie , drama"
165311,"drama , tv movie"
165315,"tv movie , romance"
165321,
165363,"romance , drama"
165385,
165399,music
165447,"romance , drama"
165465,drama
165489,"animation , drama , war"
165493,documentary
165509,"comedy , romance , drama"
165511,"history , drama"
165519,
165523,drama
165559,comedy
165575,"war , drama , comedy , romance"
165595,"romance , action"
165665,"action , adventure , comedy , tv movie"
165707,"comedy , action"
165713,"music , documentary"
165715,documentary
165733,"family , tv movie"
165735,comedy
165761,"comedy , romance"
165783,"romance , drama"
165845,documentary
165853,documentary
165861,documentary
165887,drama
165965,family
165971,"drama , action"
166026,"science fiction , action"
166030,"drama , thriller"
166038,documentary
166140,"science fiction , drama , thriller , horror"
166159,
166175,
166181,horror
166215,"family , fantasy , tv movie"
166219,
166243,"comedy , action"
166247,"romance , comedy , tv movie"
166267,documentary
166273,thriller
166277,drama
166289,
166293,"drama , comedy"
166367,"romance , drama , history"
166375,
166399,documentary
166403,"horror , documentary"
166407,"action , romance , western"
166411,"drama , romance"
166415,"war , documentary , drama , history"
166421,
166433,documentary
166445,comedy
166502,drama
166510,drama
166540,"comedy , music"
166546,"comedy , romance , drama"
166562,"history , action , drama , war"
166580,"comedy , tv movie"
166611,"drama , history , tv movie"
166617,action
166633,documentary
166647,comedy
166649,comedy
166651,drama
166659,documentary
166665,documentary
166669,"adventure , drama , romance"
166687,documentary
166697,
166703,"comedy , drama"
166709,"drama , romance"
166729,"comedy , romance , drama"
166735,"crime , thriller"
166773,"mystery , drama , crime , tv movie"
166790,"comedy , drama , romance"
166800,documentary
166812,"history , documentary"
166818,"action , drama"
166824,"drama , music"
166828,"drama , romance"
166832,"crime , drama , romance"
166840,"romance , drama"
166850,"comedy , drama , music"
166854,family
166856,"crime , drama , thriller , horror"
166862,"drama , comedy"
166868,"music , documentary"
166872,"tv movie , comedy , romance"
166876,"documentary , tv movie"
166896,music
166898,"music , tv movie"
166900,music
166922,documentary
166926,adventure
166942,"romance , comedy , drama"
166944,"horror , mystery"
166976,fantasy
166978,drama
167020,documentary
167022,
167024,
167030,"comedy , science fiction"
167066,"mystery , drama , crime , tv movie"
167092,
167098,documentary
167102,documentary
167108,comedy
167114,drama
167128,"drama , family , history"
167190,documentary
167200,"mystery , drama , crime , tv movie"
167242,documentary
167244,documentary
167306,"comedy , romance"
167328,
167330,"mystery , drama , crime , tv movie"
167338,"drama , thriller"
167340,documentary
167348,"drama , war"
167384,"comedy , drama"
167400,"crime , drama , mystery , tv movie"
167404,"war , drama"
167436,"drama , mystery , horror , fantasy"
167438,"mystery , drama , crime , tv movie"
167456,"drama , action"
167458,
167460,"history , adventure , drama"
167462,"mystery , drama , crime , thriller , tv movie"
167464,
167468,"drama , crime"
167496,
167498,"documentary , family"
167504,
167506,documentary
167516,documentary
167518,
167524,
167526,
167530,
167534,"thriller , drama"
167558,"animation , fantasy"
167568,horror
167572,"animation , family , action , adventure"
167604,drama
167606,drama
167614,
167628,"drama , fantasy , tv movie"
167664,"mystery , drama , crime , tv movie"
167674,drama
167712,"drama , comedy"
167718,"drama , comedy"
167722,"action , drama , crime"
167758,
167770,"animation , comedy"
167814,drama
167830,drama
167862,
167910,"action , adventure , war"
167930,"action , science fiction"
167938,action
167946,"war , action"
167960,comedy
167984,"romance , comedy , tv movie"
167988,"thriller , crime"
168024,"romance , comedy , tv movie"
168050,"comedy , romance , tv movie"
168068,"drama , war , action"
168072,"animation , comedy"
168078,
168080,"crime , thriller , drama , mystery"
168106,"drama , tv movie , mystery , crime"
168156,"romance , drama , comedy"
168158,comedy
168160,"mystery , crime , tv movie"
168162,"mystery , tv movie , crime"
168170,"crime , drama , thriller"
168180,
168188,"crime , drama"
168202,"western , drama , war"
168228,comedy
168232,documentary
168238,adventure
168296,documentary
168306,comedy
168310,"comedy , music"
168312,comedy
168340,
168342,"comedy , drama"
168364,"comedy , romance"
168368,drama
168388,drama
168390,comedy
168404,"comedy , tv movie"
168434,drama
168494,drama
168518,drama
168528,"romance , drama"
168538,
168562,"drama , history"
168566,documentary
168578,"war , drama , romance"
168596,drama
168606,documentary
168648,horror
168666,documentary
168698,"comedy , thriller"
168716,
168718,"comedy , drama"
168728,"comedy , tv movie"
168730,"documentary , music"
168744,comedy
168746,
168752,"animation , drama"
168762,"family , drama"
168768,horror
168790,
168810,
168818,drama
168832,documentary
168848,music
168852,"music , documentary"
168854,"documentary , music"
168856,music
168888,"drama , science fiction"
168890,
168906,
168908,
168912,drama
168948,"comedy , romance"
168950,"horror , drama , fantasy"
168952,documentary
168972,"documentary , music"
169004,"drama , comedy"
169006,drama
169034,"music , tv movie"
169052,documentary
169124,drama
169146,drama
169172,"animation , crime"
169178,"mystery , drama , fantasy , horror"
169192,documentary
169228,drama
169230,family
169232,"family , drama"
169236,"comedy , music , family"
169240,"drama , romance"
169244,drama
169270,
169448,
169450,comedy
169484,drama
169496,documentary
169500,"action , adventure , comedy , fantasy"
169504,"comedy , animation"
169532,
169534,"drama , romance"
169620,
169638,
169678,
169696,documentary
169766,"comedy , drama"
169790,music
169832,"family , fantasy , adventure"
169838,"romance , drama"
169932,"comedy , adventure , crime"
169936,
169972,
169976,"animation , drama , documentary , history"
169978,"science fiction , action"
169980,"tv movie , music"
169986,comedy
169990,"drama , tv movie"
170008,documentary
170018,
170056,"adventure , tv movie"
170058,"comedy , family , music"
170062,comedy
170064,drama
170109,
170117,comedy
170165,drama
170167,"documentary , family"
170231,history
170307,"drama , comedy , tv movie"
170317,comedy
170321,"action , adventure , thriller"
170325,
170327,animation
170331,documentary
170333,"drama , thriller"
170353,drama
170373,drama
170445,drama
170451,
170463,
170465,documentary
170467,"romance , drama"
170533,drama
170539,documentary
170571,"music , romance"
170593,"adventure , family , fantasy"
170617,"romance , drama"
170619,
170633,drama
170667,"drama , thriller"
170671,drama
170681,"drama , war"
170719,"horror , romance , science fiction"
170721,
170725,"drama , comedy , tv movie"
170727,
170739,"drama , thriller"
170741,documentary
170757,music
170783,"drama , romance"
170823,"music , documentary"
170825,"animation , adventure"
170839,"romance , comedy"
170847,"fantasy , animation , adventure"
170899,"action , drama , history , war"
170909,"documentary , history , tv movie"
170911,
170915,"romance , crime , drama , mystery , thriller"
170941,"family , comedy"
170943,"comedy , drama , music"
170981,documentary
170991,horror
171033,
171065,
171079,horror
171129,"drama , romance"
171151,"horror , drama"
171153,drama
171269,music
171279,"comedy , tv movie"
171281,
171299,music
171313,"action , drama , thriller , science fiction"
171331,music
171377,"romance , comedy"
171393,comedy
171401,
171405,comedy
171407,comedy
171409,"comedy , crime , drama"
171413,"romance , comedy"
171415,comedy
171421,"comedy , drama , family"
171451,
171463,"history , horror"
171519,comedy
171533,"animation , drama"
171551,documentary
171569,"adventure , horror , mystery"
171581,"comedy , drama"
171593,documentary
171627,"drama , fantasy , comedy"
171629,documentary
171631,comedy
171645,music
171657,music
171705,tv movie
171747,"thriller , drama"
171753,"comedy , action , adventure"
171835,"adventure , animation , comedy"
171847,"drama , adventure"
171891,documentary
171927,music
171979,music
172001,drama
172035,comedy
172047,"music , documentary"
172089,drama
172113,"adventure , drama , romance"
172125,horror
172147,"romance , comedy"
172175,"family , romance , fantasy"
172177,
172199,
172245,"comedy , drama"
172247,"comedy , family , science fiction , tv movie"
172277,tv movie
172285,
172301,"comedy , tv movie"
172327,"science fiction , tv movie"
172419,
172425,"comedy , mystery"
172443,
172451,
172457,"documentary , history"
172465,drama
172491,"action , adventure , fantasy , science fiction"
172497,"action , science fiction"
172499,
172519,"romance , science fiction"
172555,drama
172557,animation
172611,"comedy , crime"
172627,drama
172631,
172661,
172677,"action , crime"
172711,"mystery , action"
172739,
172743,"science fiction , mystery , thriller"
172783,"action , crime"
172797,documentary
172857,
172903,
172905,tv movie
172915,
172995,"action , science fiction , tv movie"
172997,"science fiction , tv movie"
173019,
173103,"science fiction , thriller"
173135,"music , documentary"
173149,"thriller , tv movie"
173179,"action , drama , comedy , romance"
173185,drama
173207,"drama , animation"
173217,
173275,
173279,
173295,"animation , action"
173335,"comedy , drama"
173339,
173389,music
173393,drama
173399,"documentary , music"
173407,drama
173409,
173423,"music , documentary"
173461,"documentary , music"
173481,"comedy , animation , adventure"
173579,
173603,drama
173651,music
173715,"drama , mystery"
173723,"drama , romance"
173731,"drama , thriller"
173739,comedy
173763,drama
173783,"comedy , action , adventure"
173819,comedy
173833,romance
173863,drama
173877,"romance , comedy , drama"
173879,"thriller , crime , drama , mystery"
173887,"animation , animation"
173949,animation
173951,"animation , comedy"
173953,animation
173959,documentary
173961,drama
173977,mystery
173983,action
173991,animation
173995,animation
174005,"drama , horror , mystery , thriller"
174007,"documentary , comedy , drama"
174021,comedy
174027,
174029,
174039,"drama , history"
174061,
174089,"animation , comedy , action"
174093,"animation , comedy"
174097,
174113,
174117,
174121,
174125,
174127,
174129,
174135,animation
174137,animation
174139,
174149,fantasy
174169,fantasy
174189,
174203,fantasy
174215,drama
174219,drama
174237,"tv movie , family , comedy"
174271,"drama , thriller"
174295,drama
174307,comedy
174309,
174321,
174327,drama
174351,"comedy , romance"
174357,"romance , drama"
174375,
174377,"comedy , drama , romance , tv movie"
174403,documentary
174425,"history , drama"
174437,
174447,documentary
174485,"animation , horror , science fiction"
174495,comedy
174555,
174559,drama
174619,drama
174625,
174633,"comedy , drama"
174635,drama
174687,comedy
174707,"documentary , history"
174713,thriller
174741,documentary
174771,documentary
174783,documentary
174785,documentary
174787,documentary
174789,documentary
174799,drama
174837,drama
174847,"comedy , fantasy"
174859,drama
174903,
174931,"drama , romance"
174953,"comedy , drama"
174955,drama
175029,
175035,"drama , comedy , romance"
175059,
175119,"drama , history"
175191,western
175235,drama
175271,drama
175297,comedy
175299,"comedy , family"
175335,
175349,
175369,documentary
175377,
175389,animation
175391,"animation , drama"
175403,
175427,"animation , family"
175459,
175471,drama
175483,horror
175511,"documentary , science fiction"
175545,"drama , tv movie"
175549,"comedy , drama"
175555,
175567,documentary
175605,"action , crime , thriller"
175611,"comedy , drama"
175689,drama
175695,"animation , comedy"
175709,drama
175713,"drama , mystery , thriller"
175815,comedy
175843,"science fiction , adventure , action"
175857,drama
175879,"crime , comedy"
175915,
175917,documentary
175929,
175963,"documentary , music"
175975,
175985,"documentary , music , tv movie"
175999,"tv movie , fantasy , horror"
176027,
176031,science fiction
176033,documentary
176059,drama
176061,"drama , thriller"
176071,
176087,animation
176091,
176123,"drama , comedy"
176125,"comedy , crime , drama"
176127,"comedy , romance"
176167,"romance , drama"
176203,"adventure , fantasy"
176221,
176231,"fantasy , comedy"
176233,
176253,"drama , history"
176275,drama
176279,"music , documentary"
176291,"drama , war"
176293,mystery
176309,comedy
176323,"music , documentary"
176351,"horror , thriller"
176421,drama
176425,"history , drama"
176441,
176447,documentary
176461,music
176479,
176481,
176489,drama
176491,documentary
176497,documentary
176597,"history , drama"
176613,mystery
176649,"drama , thriller"
176691,comedy
176725,comedy
176747,"fantasy , comedy"
176767,"action , western"
176777,
176785,"drama , thriller"
176787,"drama , music"
176795,
176825,"drama , science fiction"
176857,horror
176897,drama
176989,
177005,
177011,animation
177017,
177029,comedy
177041,"romance , drama"
177071,
177097,drama
177109,"drama , mystery"
177121,drama
177143,drama
177173,
177191,"action , comedy"
177251,documentary
177255,drama
177265,
177281,"thriller , tv movie"
177323,documentary
177387,history
177413,"comedy , animation"
177421,drama
177425,drama
177427,drama
177443,documentary
177459,"drama , history"
177467,romance
177481,music
177505,
177509,comedy
177523,documentary
177551,
177577,documentary
177579,"crime , drama"
177581,documentary
177583,"mystery , drama"
177589,
177591,drama
177611,"thriller , horror , drama"
177641,
177677,drama
177695,drama
177707,
177711,comedy
177715,"comedy , animation"
177739,drama
177751,"comedy , fantasy"
177783,comedy
177843,
177859,drama
177863,documentary
177921,"drama , history"
177973,
177975,
177993,"horror , thriller"
178035,documentary
178039,documentary
178053,drama
178057,drama
178065,drama
178095,"comedy , drama"
178105,
178127,documentary
178235,documentary
178257,documentary
178271,documentary
178325,"crime , thriller"
178359,"action , comedy"
178385,drama
178403,"drama , horror , fantasy"
178419,"comedy , drama , romance"
178425,"documentary , music , history"
178429,
178453,documentary
178461,documentary
178493,drama
178495,drama
178549,
178555,
178567,"drama , comedy"
178617,"adventure , comedy"
178619,"war , drama"
178621,drama
178631,"drama , family"
178641,"action , crime , history"
178701,comedy
178725,history
178733,comedy
178735,comedy
178739,"music , comedy"
178781,
178819,"animation , comedy , drama"
178821,comedy
178853,drama
178869,"action , drama"
178921,"drama , family"
178923,drama
178953,drama
178961,horror
178983,"mystery , fantasy , horror"
179043,drama
179111,"comedy , drama"
179115,"drama , mystery , thriller"
179117,
179147,
179149,
179161,"drama , romance"
179179,"romance , drama"
179189,action
179195,"action , adventure , comedy"
179251,"comedy , horror"
179257,"thriller , drama , crime"
179271,
179279,"romance , drama"
179301,"action , drama , adventure"
179307,history
179311,fantasy
179325,"action , adventure , comedy , family , fantasy , history"
179349,"history , tv movie"
179357,documentary
179361,"drama , romance"
179365,"drama , western"
179369,"comedy , drama , music"
179405,"comedy , drama"
179459,
179469,
179485,documentary
179487,
179555,"music , family , fantasy"
179719,"tv movie , romance"
179723,"family , tv movie"
179763,"documentary , comedy , drama"
179765,"drama , tv movie"
179767,"comedy , romance"
179769,"drama , fantasy"
179783,drama
179823,"history , drama , romance"
179833,"documentary , tv movie"
179843,
179845,"horror , mystery , thriller"
179869,"crime , thriller"
179907,"comedy , action"
179927,drama
179935,
179955,comedy
179969,"drama , family"
179971,
179973,"animation , family"
179987,drama
179993,science fiction
179995,"drama , comedy , animation"
180003,
180005,comedy
180011,documentary
180015,documentary
180049,"horror , comedy"
180053,"comedy , animation"
180069,"comedy , romance"
180077,documentary
180083,
180097,"drama , thriller"
180115,comedy
180143,
180163,"animation , science fiction"
180167,
180175,"action , drama"
180177,"drama , mystery"
180179,"animation , adventure"
180189,drama
180193,
180195,
180199,"action , comedy , adventure , crime , thriller"
180213,
180299,documentary
180301,documentary
180311,"animation , history"
180331,western
180397,
180399,animation
180407,drama
180413,
180473,"music , drama"
180493,"drama , thriller"
180531,drama
180539,"drama , crime , thriller"
180543,"drama , war"
180585,comedy
180597,music
180645,"comedy , music , romance"
180653,drama
180665,drama
180667,"action , war"
180683,music
180695,documentary
180713,drama
180845,romance
180847,music
180893,"music , comedy , drama"
180923,"comedy , drama"
180931,music
180947,music
180973,drama
180991,documentary
180993,"drama , thriller"
181011,documentary
181039,"music , drama"
181051,"comedy , romance"
181071,drama
181095,"drama , history"
181097,documentary
181117,
181143,music
181153,"music , comedy"
181181,"music , romance"
181183,music
181283,drama
181297,"horror , comedy"
181327,
181351,
181361,
181375,drama
181377,
181381,drama
181395,drama
181397,"drama , mystery , thriller"
181401,"comedy , crime"
181407,
181409,"science fiction , adventure"
181411,"drama , comedy"
181413,"documentary , comedy"
181417,"western , drama"
181435,documentary
181449,documentary
181463,"drama , thriller"
181477,documentary
181533,"animation , drama"
181543,"drama , fantasy"
181561,
181591,drama
181613,"music , documentary"
181621,music
181623,music
181637,
181641,
181667,documentary
181675,
181683,
181685,"war , drama"
181693,
181701,drama
181717,
181719,"drama , tv movie"
181757,documentary
181855,animation
181869,animation
181899,animation
181933,animation
182097,"animation , comedy , music"
182121,animation
182275,animation
182279,animation
182311,comedy
182317,"music , documentary"
182323,
182329,drama
182333,drama
182337,documentary
182365,"drama , music"
182367,"documentary , crime"
182391,music
182399,drama
182411,"comedy , romance"
182419,"fantasy , family , adventure , action , comedy"
182427,"romance , adventure"
182431,
182433,
182459,"animation , mystery , horror"
182461,"comedy , drama , family"
182473,comedy
182517,"romance , drama"
182519,
182521,
182525,
182529,
182533,
182535,comedy
182615,comedy
182629,"romance , drama"
182653,documentary
182655,horror
182665,documentary
182687,animation
182693,music
182701,documentary
182719,
182723,
182727,"tv movie , music"
182747,documentary
182761,
182765,drama
182787,comedy
182789,
182797,"western , drama"
182801,
182817,"comedy , drama , romance"
182833,
182843,drama
182909,"mystery , adventure , thriller , horror"
182961,
182963,"drama , romance"
182971,drama
182975,"action , crime , thriller"
182977,
182979,drama
182983,drama
182989,"comedy , drama"
182997,"drama , crime , action"
183007,"action , drama"
183009,
183013,drama
183015,drama
183027,
183067,
183069,drama
183089,comedy
183113,comedy
183167,
183185,music
183221,thriller
183247,drama
183253,
183257,comedy
183275,comedy
183283,
183307,"science fiction , thriller"
183315,"drama , comedy"
183357,
183371,
183375,"adventure , fantasy , family , animation"
183383,"comedy , drama , romance"
183427,
183443,
183473,"comedy , drama"
183513,"mystery , crime , thriller , tv movie"
183551,"crime , horror"
183555,drama
183577,animation
183587,
183627,comedy
183665,
183687,
183717,drama
183723,documentary
183735,"comedy , drama"
183813,"drama , romance"
183865,"science fiction , drama , mystery"
183869,"horror , mystery , thriller"
183871,
183907,"music , drama"
183935,"comedy , romance"
183947,
183963,"drama , tv movie"
183995,"comedy , drama , music"
184001,thriller
184003,documentary
184027,comedy
184029,"family , animation"
184055,horror
184059,"drama , crime"
184075,"comedy , tv movie"
184083,
184091,animation
184099,"thriller , mystery"
184109,"drama , thriller"
184123,documentary
184149,"animation , family"
184151,"animation , comedy , family"
184169,"drama , adventure , fantasy"
184271,
184305,"romance , comedy"
184309,"drama , crime , animation"
184329,"drama , romance"
184337,"drama , fantasy , music"
184399,"comedy , drama"
184401,"drama , thriller"
184483,
184499,documentary
184547,animation
184595,"romance , drama"
184607,"action , comedy , horror"
184611,"comedy , drama"
184627,documentary
184631,romance
184651,"comedy , mystery"
184827,"drama , tv movie"
184847,documentary
184853,thriller
184887,drama
184891,comedy
184893,drama
184913,"drama , science fiction"
184969,animation
184975,animation
185009,drama
185023,"science fiction , drama"
185085,"western , adventure"
185097,"crime , drama"
185133,comedy
185139,
185141,drama
185143,"drama , music"
185159,
185165,comedy
185191,"drama , war"
185195,documentary
185211,"action , adventure , comedy"
185243,
185255,comedy
185291,
185315,"drama , romance"
185323,"comedy , drama"
185329,drama
185331,"documentary , tv movie"
185337,music
185357,"comedy , drama"
185399,comedy
185419,comedy
185459,"action , drama"
185479,documentary
185517,"thriller , action , drama"
185565,comedy
185573,
185581,animation
185599,music
185613,animation
185653,
185657,
185659,
185663,"action , drama , thriller"
185667,
185675,
185691,
185695,documentary
185721,documentary
185745,documentary
185809,comedy
185819,"drama , war"
185827,fantasy
185835,animation
185837,
185845,"history , drama"
185857,drama
185913,
185939,"drama , adventure"
185973,"drama , tv movie"
186007,"drama , romance"
186037,"adventure , crime , thriller , horror"
186053,drama
186079,"thriller , romance"
186093,
186117,comedy
186143,horror
186241,documentary
186247,drama
186253,"animation , fantasy , comedy , music"
186261,"comedy , crime , drama"
186275,"comedy , drama"
186293,music
186313,
186325,animation
186327,"animation , comedy , music"
186337,comedy
186355,drama
186373,
186375,
186377,romance
186379,"comedy , drama"
186385,animation
186387,
186437,"animation , action"
186441,"animation , action"
186449,animation
186475,"drama , thriller , mystery , tv movie"
186477,drama
186489,
186543,drama
186585,"mystery , adventure , drama"
186597,"comedy , romance"
186613,"animation , comedy"
186619,documentary
186629,drama
186725,"comedy , romance , drama"
186753,drama
186757,drama
186779,"drama , crime , thriller"
186781,"drama , crime"
186789,
186791,"drama , music , romance"
186801,
186805,animation
186835,"drama , tv movie"
186865,comedy
186885,"drama , romance"
186887,drama
186891,"drama , comedy"
186893,"drama , mystery , thriller"
186897,drama
186929,comedy
186951,
186995,"drama , tv movie"
187009,fantasy
187011,
187013,
187059,documentary
187107,drama
187131,drama
187155,
187161,"horror , thriller"
187177,
187209,
187251,drama
187253,"animation , comedy"
187269,"animation , comedy , music"
187273,"animation , comedy"
187285,animation
187307,
187311,"drama , romance , comedy"
187327,
187329,documentary
187343,animation
187349,documentary
187361,animation
187371,animation
187373,"drama , crime , mystery"
187387,comedy
187391,animation
187399,documentary
187401,history
187413,science fiction
187429,"animation , crime , horror"
187443,"horror , music"
187451,
187455,"war , drama"
187471,"history , drama"
187475,action
187519,"science fiction , adventure , action"
187525,
187543,drama
187549,documentary
187645,tv movie
187685,comedy
187689,"music , documentary"
187691,music
187693,music
187695,music
187697,"music , documentary"
187699,
187703,"fantasy , family"
187713,"crime , action , drama"
187763,
187765,music
187767,music
187787,comedy
187799,"music , documentary"
187821,
187825,"action , comedy , family , fantasy , romance"
187839,"family , action"
187913,"action , drama"
187965,"romance , comedy , drama"
188013,drama
188029,documentary
188063,drama
188071,drama
188129,
188201,"science fiction , action , thriller"
188203,animation
188209,"action , comedy , drama , science fiction"
188223,documentary
188225,drama
188257,documentary
188323,
188333,"music , romance , comedy"
188367,animation
188387,drama
188405,"drama , documentary"
188493,comedy
188499,"animation , comedy"
188561,"action , adventure"
188567,"drama , horror"
188569,documentary
188593,documentary
188595,
188601,"war , drama"
188617,drama
188627,"drama , war"
188703,
188723,drama
188735,drama
188801,
188805,adventure
188817,"animation , comedy , family"
188891,documentary
188901,
188903,
188907,
188923,documentary
188925,documentary
189023,documentary
189025,drama
189047,"thriller , drama , mystery"
189077,"crime , drama , thriller"
189143,comedy
189159,documentary
189161,documentary
189163,documentary
189227,"animation , romance"
189335,
189345,documentary
189351,"war , drama , history"
189385,comedy
189413,"romance , drama"
189429,"romance , tv movie"
189433,drama
189505,drama
189507,"drama , horror , thriller"
189513,"music , drama"
189537,drama
189557,music
189571,
189573,"drama , tv movie"
189597,documentary
189611,documentary
189615,documentary
189617,documentary
189619,documentary
189627,drama
189703,"tv movie , romance , comedy"
189707,
189723,"horror , thriller , drama"
189725,
189789,drama
189813,"drama , comedy , fantasy , romance"
189833,"drama , horror , mystery , thriller"
189845,drama
189881,
189925,documentary
190009,"comedy , drama"
190049,documentary
190061,
190071,
190095,drama
190139,drama
190159,"crime , drama"
190163,
190173,tv movie
190181,drama
190189,documentary
190237,
190249,comedy
190285,
190289,
190313,drama
190315,"drama , comedy , adventure"
190375,
190377,drama
190381,
190383,documentary
190387,animation
190403,drama
190409,
190463,
190469,drama
190473,"drama , war"
190475,"drama , war"
190483,"animation , family"
190533,
190597,
190617,documentary
190701,
190703,
190705,"documentary , music"
190707,"history , documentary"
190713,
190715,comedy
190723,comedy
190725,
190727,
190773,documentary
190821,music
190841,"comedy , drama"
190855,
190891,drama
190897,drama
190941,"drama , thriller , crime"
190949,"comedy , drama , romance"
190967,"drama , romance"
190969,
190971,
191021,
191077,drama
191161,"comedy , drama , romance"
191173,"comedy , drama"
191207,documentary
191227,"science fiction , action"
191259,
191263,
191275,
191341,"comedy , drama"
191353,
191385,comedy
191391,
191393,documentary
191403,
191411,
191429,documentary
191433,
191443,
191467,
191637,"drama , romance"
191641,
191645,comedy
191685,documentary
191695,"war , action , drama , thriller"
191697,"drama , mystery"
191747,"drama , romance"
191751,"comedy , romance"
191757,"comedy , crime , drama"
191809,
191813,animation
191819,"documentary , crime"
191855,"action , thriller"
191869,"comedy , crime , drama"
191897,"adventure , crime , drama"
191917,comedy
191939,"drama , history"
191943,
191955,
191961,documentary
191963,documentary
191971,drama
191993,
192001,
192031,
192111,"drama , romance"
192125,"comedy , drama"
192139,documentary
192227,"comedy , drama , music , romance"
192269,"horror , comedy , science fiction"
192277,history
192353,documentary
192373,comedy
192421,
192455,"drama , science fiction , action"
192505,"adventure , family"
192675,"comedy , drama"
192679,"comedy , drama"
192853,"tv movie , drama"
192859,comedy
192873,history
192885,comedy
192939,"horror , mystery"
192971,"drama , crime"
193013,"comedy , drama"
193019,drama
193063,"animation , adventure , family"
193097,
193117,"animation , drama , comedy"
193131,"drama , romance"
193149,comedy
193163,
193191,
193211,animation
193249,"documentary , crime , mystery"
193269,drama
193273,drama
193275,drama
193281,comedy
193303,"drama , comedy"
193347,"crime , thriller"
193365,
193391,
193437,
193443,documentary
193459,"comedy , romance"
193465,"horror , mystery"
193469,"romance , drama"
193473,"drama , thriller"
193495,"drama , romance"
193509,comedy
193525,"romance , comedy"
193527,documentary
193529,
193545,documentary
193651,drama
193659,
193693,horror
193709,
193787,documentary
193789,
193791,
193815,"science fiction , tv movie"
193849,comedy
193855,drama
193870,
193876,"music , history"
